"age_group","agi_class","outcome","estimate","p.raw","p.smooth"
1,1,"pct_outflow_n1",0.00719022700605528,0.133333333333333,0.177455456898632
1,1,"net_outflow_n1",99.3748578521431,0.155555555555556,0.178937915906465
1,1,"net_outflow_agi",194.820465142424,0.288888888888889,0.3397706809032
1,2,"pct_outflow_n1",-0.00123766588844462,0.533333333333333,0.551198753010641
1,2,"net_outflow_n1",46.2084593059644,0.333333333333333,0.3351109213643
1,2,"net_outflow_agi",65.8190782322235,0.377777777777778,0.404520680526563
1,3,"pct_outflow_n1",0.000914650554371973,0.355555555555556,0.380703579365865
1,3,"net_outflow_n1",-737.856812428326,0.955555555555556,0.9430975226819
1,3,"net_outflow_agi",-24410.495047957,0.955555555555556,0.928177551724
1,4,"pct_outflow_n1",-0.00612123744419931,0.822222222222222,0.814168658795079
1,4,"net_outflow_n1",-576.888044005457,0.977777777777778,0.96779958389623
1,4,"net_outflow_agi",-37428.2055040174,0.977777777777778,0.971204360364034
1,5,"pct_outflow_n1",-0.018824851491001,0.866666666666667,0.848373820080283
1,5,"net_outflow_n1",-309.090608300726,1,0.993330153235431
1,5,"net_outflow_agi",-26084.3522231433,1,0.993858484797697
1,6,"pct_outflow_n1",-0.013297347531873,0.688888888888889,0.685429983478271
1,6,"net_outflow_n1",-521.808125864545,1,0.999999999999837
1,6,"net_outflow_agi",-69174.2830638797,1,0.999999999999886
1,7,"pct_outflow_n1",NA,NA,NA
1,7,"net_outflow_n1",NA,NA,NA
1,7,"net_outflow_agi",NA,NA,NA
2,1,"pct_outflow_n1",0.000113120299639207,0.466666666666667,0.479388867016694
2,1,"net_outflow_n1",228.565453468025,0.0222222222222222,0.024454356485839
2,1,"net_outflow_agi",817.675494129076,0.0666666666666667,0.100513787498551
2,2,"pct_outflow_n1",-0.0014257502383727,0.6,0.605621711792056
2,2,"net_outflow_n1",-61.9105243876607,0.622222222222222,0.605264976181529
2,2,"net_outflow_agi",-259.061316108953,0.533333333333333,0.519248008738802
2,3,"pct_outflow_n1",-0.000905007034361142,0.577777777777778,0.551468524179348
2,3,"net_outflow_n1",-727.883416138809,1,0.983687722699496
2,3,"net_outflow_agi",-24902.032836593,1,0.976426742955529
2,4,"pct_outflow_n1",0.00360599537529965,0.155555555555556,0.198150909258375
2,4,"net_outflow_n1",-268.170718198547,0.844444444444444,0.815707885487323
2,4,"net_outflow_agi",-15405.3070292861,0.822222222222222,0.789483423879707
2,5,"pct_outflow_n1",0.00386638397924027,0.377777777777778,0.389201102361723
2,5,"net_outflow_n1",-192.865873944603,0.866666666666667,0.867841254158321
2,5,"net_outflow_agi",-16590.6882366199,0.866666666666667,0.872342593897075
2,6,"pct_outflow_n1",0.0107779049820333,0.2,0.206118558973474
2,6,"net_outflow_n1",-266.982866620216,0.844444444444444,0.842758324186598
2,6,"net_outflow_agi",-35367.2499209429,0.844444444444444,0.838131033636176
2,7,"pct_outflow_n1",-0.000157399734728031,0.488888888888889,0.471675004577983
2,7,"net_outflow_n1",-42.3621479599792,0.688888888888889,0.651729825875317
2,7,"net_outflow_agi",412615.096050334,0,1.65718870264932e-17
3,1,"pct_outflow_n1",-0.00351100036191642,0.666666666666667,0.634582153185724
3,1,"net_outflow_n1",-4.76005610882512,0.488888888888889,0.497228769023311
3,1,"net_outflow_agi",-16.3614824237954,0.555555555555556,0.517570676937999
3,2,"pct_outflow_n1",-0.00259682243983148,0.711111111111111,0.710674367706161
3,2,"net_outflow_n1",-15.2054098397265,0.466666666666667,0.49869565894124
3,2,"net_outflow_agi",-222.615256213142,0.422222222222222,0.470940845907364
3,3,"pct_outflow_n1",-0.0013976061328607,0.777777777777778,0.701225710077167
3,3,"net_outflow_n1",-119.48615622997,0.844444444444444,0.800586968368195
3,3,"net_outflow_agi",-5013.08397104064,0.844444444444444,0.837372340841784
3,4,"pct_outflow_n1",-0.00359731971891525,0.733333333333333,0.699999038089289
3,4,"net_outflow_n1",28.9236873011275,0.4,0.422986583127169
3,4,"net_outflow_agi",874.250734168148,0.466666666666667,0.447565379084044
3,5,"pct_outflow_n1",-0.00086871107810231,0.6,0.574279053332336
3,5,"net_outflow_n1",147.832033896658,0.0888888888888889,0.0816227724929688
3,5,"net_outflow_agi",12110.5630979121,0.0888888888888889,0.0854560561900383
3,6,"pct_outflow_n1",-0.00199426940736325,0.555555555555556,0.567756453501101
3,6,"net_outflow_n1",361.8537951111,0.0444444444444444,0.062338420563434
3,6,"net_outflow_agi",53567.6356890447,0.0444444444444444,0.0529072019888084
3,7,"pct_outflow_n1",0.00796819438185214,0.244444444444444,0.283556135413604
3,7,"net_outflow_n1",545.70080901932,0,0.000791331118909144
3,7,"net_outflow_agi",67019.9651889548,0.311111111111111,0.326460999361409
4,1,"pct_outflow_n1",0.0137551911783582,0.0666666666666667,0.0988024961575219
4,1,"net_outflow_n1",114.894559963993,0.0888888888888889,0.0847989929788056
4,1,"net_outflow_agi",306.06762634128,0.133333333333333,0.16363396952023
4,2,"pct_outflow_n1",-0.00337703164289489,0.888888888888889,0.874372903680629
4,2,"net_outflow_n1",26.8648134060128,0.444444444444444,0.426178335013992
4,2,"net_outflow_agi",1035.53361562004,0.311111111111111,0.313377703948941
4,3,"pct_outflow_n1",0.00162797324679346,0.288888888888889,0.309902827653188
4,3,"net_outflow_n1",155.452238415167,0.244444444444444,0.240785982957117
4,3,"net_outflow_agi",5680.70350972238,0.222222222222222,0.233298693646261
4,4,"pct_outflow_n1",0.000311205064202123,0.6,0.588758171358343
4,4,"net_outflow_n1",-56.0744303401133,0.844444444444444,0.803022949131349
4,4,"net_outflow_agi",-3226.79850239787,0.822222222222222,0.800113365666127
4,5,"pct_outflow_n1",0.000732011710472859,0.466666666666667,0.496650144511264
4,5,"net_outflow_n1",-11.4979094716109,0.733333333333333,0.686506084333048
4,5,"net_outflow_agi",-33.0026214017853,0.6,0.602075170406226
4,6,"pct_outflow_n1",0.00509803703124245,0.111111111111111,0.139450611437752
4,6,"net_outflow_n1",269.751712279354,0.0444444444444444,0.0632263114225741
4,6,"net_outflow_agi",45451.7495826736,0.0222222222222222,0.0341420235467407
4,7,"pct_outflow_n1",0.0125585478776511,0.0444444444444444,0.0335283812278216
4,7,"net_outflow_n1",523.671867044214,0,8.21496625511527e-33
4,7,"net_outflow_agi",559676.690048021,0,0.0136376846232284
5,1,"pct_outflow_n1",0.00522058364777184,0.111111111111111,0.193576401826974
5,1,"net_outflow_n1",13.3026106171406,0.444444444444444,0.434915228117477
5,1,"net_outflow_agi",-217.381223065156,0.866666666666667,0.798521533247572
5,2,"pct_outflow_n1",-0.000111135456332646,0.466666666666667,0.457743324152945
5,2,"net_outflow_n1",-100.771545458114,0.933333333333333,0.909819610943823
5,2,"net_outflow_agi",-1574.57750698809,0.844444444444444,0.866742967120284
5,3,"pct_outflow_n1",0.00127615996159067,0.222222222222222,0.253708090240942
5,3,"net_outflow_n1",49.9161624803018,0.177777777777778,0.282102479574353
5,3,"net_outflow_agi",2048.37175698548,0.2,0.236190990973187
5,4,"pct_outflow_n1",0.00128481237700157,0.2,0.228560393906392
5,4,"net_outflow_n1",62.2861147323695,0.288888888888889,0.309519064101037
5,4,"net_outflow_agi",4493.43771608538,0.244444444444444,0.27888051568526
5,5,"pct_outflow_n1",0.00219936523711805,0.288888888888889,0.292956921938897
5,5,"net_outflow_n1",32.8969892000297,0.422222222222222,0.44246274057116
5,5,"net_outflow_agi",2902.25123190096,0.422222222222222,0.434013645036108
5,6,"pct_outflow_n1",0.00134041805366312,0.311111111111111,0.322122248688784
5,6,"net_outflow_n1",124.901134880762,0.222222222222222,0.221943492096655
5,6,"net_outflow_agi",21607.4061051384,0.177777777777778,0.194289990652024
5,7,"pct_outflow_n1",0.00297969575116719,0.311111111111111,0.319645027757478
5,7,"net_outflow_n1",188.819841360817,0.0222222222222222,0.0216501101812725
5,7,"net_outflow_agi",23529.7340967263,0.4,0.43852259521434
6,1,"pct_outflow_n1",0.000424938477068037,0.355555555555556,0.367078543164297
6,1,"net_outflow_n1",-2.68285059069423,0.6,0.580028194300638
6,1,"net_outflow_agi",173.70443252226,0.4,0.370855454367831
6,2,"pct_outflow_n1",0.00124514291798351,0.222222222222222,0.246553588719255
6,2,"net_outflow_n1",225.951914010029,0.0222222222222222,0.0484756779004904
6,2,"net_outflow_agi",3820.63990558863,0.0444444444444444,0.0485016171276443
6,3,"pct_outflow_n1",0.00332863983993312,0.0444444444444444,0.0473062297538085
6,3,"net_outflow_n1",129.515487996594,0.2,0.195683469951159
6,3,"net_outflow_agi",4455.66638824829,0.222222222222222,0.219705241657186
6,4,"pct_outflow_n1",0.00301786225690656,0.0888888888888889,0.105432483262931
6,4,"net_outflow_n1",219.918792752985,0.0444444444444444,0.0728587365127751
6,4,"net_outflow_agi",12881.1142207423,0.0444444444444444,0.0749228003713741
6,5,"pct_outflow_n1",0.00074125859354289,0.4,0.418667311674366
6,5,"net_outflow_n1",161.943011148815,0.0888888888888889,0.119023145451132
6,5,"net_outflow_agi",13145.105830052,0.111111111111111,0.13486637725171
6,6,"pct_outflow_n1",-0.00209104396737124,0.8,0.788310282222455
6,6,"net_outflow_n1",37.6802832339855,0.422222222222222,0.432653186306263
6,6,"net_outflow_agi",1112.79203541152,0.466666666666667,0.50776993946326
6,7,"pct_outflow_n1",-0.00288889369822524,0.711111111111111,0.711817798790865
6,7,"net_outflow_n1",-46.9145063221703,0.733333333333333,0.683951972538931
6,7,"net_outflow_agi",522523.83617405,0,6.86670860368001e-05
